model,run,latency_ms
resnet18,1,53.4603
resnet18,2,51.3671
resnet18,3,49.0202
resnet18,4,51.5936
resnet18,5,46.2272
resnet18,6,44.1208
resnet18,7,46.4809
resnet18,8,46.078
resnet18,9,41.6295
resnet18,10,42.4334
resnet18,11,40.3307
resnet18,12,39.55
resnet18,13,40.2072
resnet18,14,42.4441
resnet18,15,41.4511
resnet18,16,36.8747
resnet18,17,38.873
resnet18,18,39.2719
resnet18,19,40.4476
resnet18,20,37.4732
resnet18,21,41.757
resnet18,22,41.5482
resnet18,23,41.8912
resnet18,24,38.5899
resnet18,25,41.2933
resnet18,26,40.7045
resnet18,27,37.5152
resnet18,28,39.6938
resnet18,29,39.1643
resnet18,30,41.9085
resnet18,31,42.3126
resnet18,32,41.8484
resnet18,33,37.8928
resnet18,34,39.8323
resnet18,35,39.782
resnet18,36,39.4451
resnet18,37,41.1702
resnet18,38,40.3583
resnet18,39,39.907
resnet18,40,40.7806
resnet18,41,40.7512
resnet18,42,40.2217
resnet18,43,40.2675
resnet18,44,40.7822
resnet18,45,40.2434
resnet18,46,39.5556
resnet18,47,41.5025
resnet18,48,39.3268
resnet18,49,37.6224
resnet18,50,38.7926
resnet18,51,40.5848
resnet18,52,39.6537
resnet18,53,39.0749
resnet18,54,40.3568
resnet18,55,42.1596
resnet18,56,36.7227
resnet18,57,39.186
resnet18,58,42.3048
resnet18,59,39.0521
resnet18,60,41.4339
resnet18,61,40.3883
resnet18,62,39.5055
resnet18,63,42.8606
resnet18,64,41.0699
resnet18,65,39.5047
resnet18,66,39.0269
resnet18,67,39.7015
resnet18,68,40.2002
resnet18,69,40.5884
resnet18,70,42.827
resnet18,71,41.8405
resnet18,72,43.302
resnet18,73,41.3711
resnet18,74,49.2493
resnet18,75,53.8953
resnet18,76,48.1693
resnet18,77,49.007
resnet18,78,49.2932
resnet18,79,47.7485
resnet18,80,45.2314
resnet18,81,50.3402
resnet18,82,50.4303
resnet18,83,51.0692
resnet18,84,43.4163
resnet18,85,43.3427
resnet18,86,40.4701
resnet18,87,38.6756
resnet18,88,39.9465
resnet18,89,38.5088
resnet18,90,40.289
resnet18,91,38.2705
resnet18,92,40.8729
resnet18,93,39.2374
resnet18,94,40.5351
resnet18,95,43.8525
resnet18,96,52.0603
resnet18,97,40.0269
resnet18,98,40.4759
resnet18,99,39.6256
resnet18,100,39.1283
resnet50,1,118.3789
resnet50,2,120.0536
resnet50,3,123.3664
resnet50,4,118.7875
resnet50,5,195.2764
resnet50,6,120.828
resnet50,7,130.0455
resnet50,8,121.0767
resnet50,9,130.8952
resnet50,10,140.2807
resnet50,11,169.0147
resnet50,12,178.8587
resnet50,13,141.7149
resnet50,14,142.8189
resnet50,15,123.7037
resnet50,16,121.6704
resnet50,17,121.789
resnet50,18,119.4901
resnet50,19,123.0669
resnet50,20,123.2937
resnet50,21,153.4568
resnet50,22,130.7637
resnet50,23,120.9815
resnet50,24,119.73
resnet50,25,121.7249
resnet50,26,125.5783
resnet50,27,122.1257
resnet50,28,120.6876
resnet50,29,128.8393
resnet50,30,120.978
resnet50,31,118.829
resnet50,32,118.5107
resnet50,33,129.3562
resnet50,34,159.8964
resnet50,35,154.116
resnet50,36,140.3781
resnet50,37,143.0077
resnet50,38,129.2045
resnet50,39,120.2328
resnet50,40,124.424
resnet50,41,120.0712
resnet50,42,118.7388
resnet50,43,120.2595
resnet50,44,116.3616
resnet50,45,127.2099
resnet50,46,121.1044
resnet50,47,118.9197
resnet50,48,123.2159
resnet50,49,122.5278
resnet50,50,119.2101
resnet50,51,121.3553
resnet50,52,117.7356
resnet50,53,123.2956
resnet50,54,127.8576
resnet50,55,117.9578
resnet50,56,125.6821
resnet50,57,132.4983
resnet50,58,161.6801
resnet50,59,157.2102
resnet50,60,143.0389
resnet50,61,152.8913
resnet50,62,120.5167
resnet50,63,120.9481
resnet50,64,121.2158
resnet50,65,118.5858
resnet50,66,120.4099
resnet50,67,120.804
resnet50,68,121.1179
resnet50,69,123.7697
resnet50,70,117.0938
resnet50,71,121.5627
resnet50,72,123.0316
resnet50,73,128.9158
resnet50,74,118.6187
resnet50,75,118.6908
resnet50,76,118.481
resnet50,77,123.8723
resnet50,78,120.6496
resnet50,79,119.4302
resnet50,80,122.8329
resnet50,81,145.5197
resnet50,82,163.6941
resnet50,83,154.0223
resnet50,84,146.3846
resnet50,85,127.135
resnet50,86,123.3334
resnet50,87,118.2547
resnet50,88,120.1733
resnet50,89,117.2757
resnet50,90,120.4595
resnet50,91,123.7711
resnet50,92,120.1139
resnet50,93,132.7239
resnet50,94,129.3379
resnet50,95,128.702
resnet50,96,127.2039
resnet50,97,135.5567
resnet50,98,118.8246
resnet50,99,118.0836
resnet50,100,124.8078
vgg16,1,214.5074
vgg16,2,222.0405
vgg16,3,224.3351
vgg16,4,214.4831
vgg16,5,229.3935
vgg16,6,216.6792
vgg16,7,263.0508
vgg16,8,251.8598
vgg16,9,236.7629
vgg16,10,219.577
vgg16,11,219.8797
vgg16,12,220.9802
vgg16,13,219.4726
vgg16,14,220.8997
vgg16,15,218.72
vgg16,16,226.3138
vgg16,17,222.7539
vgg16,18,224.1989
vgg16,19,219.3914
vgg16,20,255.8622
vgg16,21,268.2498
vgg16,22,229.2367
vgg16,23,220.6207
vgg16,24,219.3703
vgg16,25,224.6412
vgg16,26,217.4404
vgg16,27,217.5836
vgg16,28,224.0807
vgg16,29,241.5264
vgg16,30,311.0737
vgg16,31,311.8273
vgg16,32,319.0372
vgg16,33,274.819
vgg16,34,261.7175
vgg16,35,266.3797
vgg16,36,284.9965
vgg16,37,275.9034
vgg16,38,253.6623
vgg16,39,254.3947
vgg16,40,256.4747
vgg16,41,236.2916
vgg16,42,245.0837
vgg16,43,234.1712
vgg16,44,290.0507
vgg16,45,277.117
vgg16,46,257.0708
vgg16,47,238.6961
vgg16,48,240.1501
vgg16,49,235.9175
vgg16,50,239.938
vgg16,51,240.1524
vgg16,52,243.9169
vgg16,53,234.5839
vgg16,54,233.7925
vgg16,55,230.1996
vgg16,56,334.1003
vgg16,57,313.6762
vgg16,58,250.7158
vgg16,59,239.7052
vgg16,60,354.4941
vgg16,61,292.8985
vgg16,62,344.9523
vgg16,63,278.741
vgg16,64,331.7769
vgg16,65,338.6101
vgg16,66,413.9207
vgg16,67,314.5778
vgg16,68,345.7378
vgg16,69,270.6472
vgg16,70,641.6342
vgg16,71,343.9525
vgg16,72,537.6353
vgg16,73,310.5335
vgg16,74,325.603
vgg16,75,287.4273
vgg16,76,240.3621
vgg16,77,243.965
vgg16,78,256.4842
vgg16,79,383.1458
vgg16,80,605.3737
vgg16,81,315.4952
vgg16,82,259.2766
vgg16,83,340.9592
vgg16,84,303.2153
vgg16,85,279.4513
vgg16,86,288.8692
vgg16,87,224.4855
vgg16,88,233.7867
vgg16,89,316.7334
vgg16,90,242.7285
vgg16,91,250.5841
vgg16,92,371.1731
vgg16,93,280.17
vgg16,94,448.7044
vgg16,95,421.4629
vgg16,96,407.4908
vgg16,97,664.1652
vgg16,98,604.582
vgg16,99,689.1499
vgg16,100,877.8081
inception_v3,1,125.3646
inception_v3,2,101.7957
inception_v3,3,96.7818
inception_v3,4,100.9219
inception_v3,5,94.0798
inception_v3,6,99.8195
inception_v3,7,207.6858
inception_v3,8,170.854
inception_v3,9,195.7317
inception_v3,10,135.7185
inception_v3,11,113.7597
inception_v3,12,119.9248
inception_v3,13,344.283
inception_v3,14,155.7439
inception_v3,15,90.3544
inception_v3,16,89.9122
inception_v3,17,106.774
inception_v3,18,189.6866
inception_v3,19,144.3915
inception_v3,20,132.1583
inception_v3,21,91.7164
inception_v3,22,91.9738
inception_v3,23,99.1273
inception_v3,24,91.7535
inception_v3,25,93.31
inception_v3,26,98.4464
inception_v3,27,90.0634
inception_v3,28,88.1714
inception_v3,29,92.4052
inception_v3,30,89.7505
inception_v3,31,87.5509
inception_v3,32,93.5152
inception_v3,33,98.7443
inception_v3,34,97.7164
inception_v3,35,92.8088
inception_v3,36,113.0902
inception_v3,37,156.7517
inception_v3,38,123.0952
inception_v3,39,104.0961
inception_v3,40,136.4313
inception_v3,41,153.5109
inception_v3,42,122.1386
inception_v3,43,107.0037
inception_v3,44,237.717
inception_v3,45,139.8749
inception_v3,46,128.4718
inception_v3,47,124.075
inception_v3,48,113.855
inception_v3,49,104.8403
inception_v3,50,98.7095
inception_v3,51,129.3702
inception_v3,52,291.1366
inception_v3,53,291.5248
inception_v3,54,366.6912
inception_v3,55,413.3564
inception_v3,56,308.187
inception_v3,57,179.2288
inception_v3,58,132.2217
inception_v3,59,156.8782
inception_v3,60,143.742
inception_v3,61,161.3257
inception_v3,62,130.8289
inception_v3,63,132.9112
inception_v3,64,123.6549
inception_v3,65,146.3527
inception_v3,66,128.944
inception_v3,67,147.4352
inception_v3,68,200.0846
inception_v3,69,207.5113
inception_v3,70,208.3868
inception_v3,71,360.2211
inception_v3,72,370.6618
inception_v3,73,228.2364
inception_v3,74,214.5806
inception_v3,75,389.4276
inception_v3,76,346.2785
inception_v3,77,134.576
inception_v3,78,213.1397
inception_v3,79,183.3085
inception_v3,80,122.2152
inception_v3,81,127.1559
inception_v3,82,216.2698
inception_v3,83,152.501
inception_v3,84,133.8434
inception_v3,85,158.1387
inception_v3,86,161.1259
inception_v3,87,135.0558
inception_v3,88,135.8323
inception_v3,89,192.0188
inception_v3,90,189.1504
inception_v3,91,142.0797
inception_v3,92,157.0493
inception_v3,93,128.5913
inception_v3,94,169.0631
inception_v3,95,140.6185
inception_v3,96,166.1996
inception_v3,97,155.4802
inception_v3,98,155.6527
inception_v3,99,315.8558
inception_v3,100,116.1546
