model,hardware_type,run,latency_ms
resnet18,cpu,1,82.7418
resnet18,cpu,2,81.3015
resnet18,cpu,3,96.1937
resnet18,cpu,4,90.2327
resnet18,cpu,5,87.2719
resnet18,cpu,6,100.4767
resnet18,cpu,7,97.6073
resnet18,cpu,8,103.5637
resnet18,cpu,9,116.4215
resnet18,cpu,10,92.522
resnet18,cpu,11,82.5327
resnet18,cpu,12,82.3029
resnet18,cpu,13,80.8485
resnet18,cpu,14,81.7896
resnet18,cpu,15,79.1857
resnet18,cpu,16,79.3814
resnet18,cpu,17,77.0487
resnet18,cpu,18,77.8356
resnet18,cpu,19,76.7295
resnet18,cpu,20,77.0307
resnet18,cpu,21,77.769
resnet18,cpu,22,78.2004
resnet18,cpu,23,90.6449
resnet18,cpu,24,90.2285
resnet18,cpu,25,86.2026
resnet18,cpu,26,83.3055
resnet18,cpu,27,84.3812
resnet18,cpu,28,85.5416
resnet18,cpu,29,80.7856
resnet18,cpu,30,89.4148
resnet18,cpu,31,84.9097
resnet18,cpu,32,85.9203
resnet18,cpu,33,81.7908
resnet18,cpu,34,78.6302
resnet18,cpu,35,78.0465
resnet18,cpu,36,83.0741
resnet18,cpu,37,79.2042
resnet18,cpu,38,81.4229
resnet18,cpu,39,83.064
resnet18,cpu,40,79.6991
resnet18,cpu,41,78.2011
resnet18,cpu,42,80.1638
resnet18,cpu,43,79.8948
resnet18,cpu,44,76.8063
resnet18,cpu,45,76.688
resnet18,cpu,46,76.87
resnet18,cpu,47,77.1185
resnet18,cpu,48,80.9899
resnet18,cpu,49,76.4459
resnet18,cpu,50,83.9617
resnet18,cpu,51,88.1783
resnet18,cpu,52,106.2768
resnet18,cpu,53,85.3828
resnet18,cpu,54,84.1712
resnet18,cpu,55,82.8119
resnet18,cpu,56,80.7047
resnet18,cpu,57,80.2774
resnet18,cpu,58,78.2781
resnet18,cpu,59,77.9317
resnet18,cpu,60,78.9271
resnet18,cpu,61,123.3485
resnet18,cpu,62,81.095
resnet18,cpu,63,80.1093
resnet18,cpu,64,80.6158
resnet18,cpu,65,79.4828
resnet18,cpu,66,80.865
resnet18,cpu,67,78.5796
resnet18,cpu,68,78.7437
resnet18,cpu,69,79.5648
resnet18,cpu,70,80.8903
resnet18,cpu,71,82.4843
resnet18,cpu,72,85.8068
resnet18,cpu,73,78.6081
resnet18,cpu,74,77.5126
resnet18,cpu,75,78.4491
resnet18,cpu,76,76.8084
resnet18,cpu,77,76.6042
resnet18,cpu,78,76.6135
resnet18,cpu,79,76.8098
resnet18,cpu,80,75.8796
resnet18,cpu,81,76.6401
resnet18,cpu,82,81.6184
resnet18,cpu,83,77.8292
resnet18,cpu,84,78.5663
resnet18,cpu,85,81.3428
resnet18,cpu,86,77.181
resnet18,cpu,87,76.5223
resnet18,cpu,88,76.6104
resnet18,cpu,89,79.7551
resnet18,cpu,90,84.0159
resnet18,cpu,91,83.9116
resnet18,cpu,92,79.4885
resnet18,cpu,93,76.1591
resnet18,cpu,94,76.7712
resnet18,cpu,95,76.9558
resnet18,cpu,96,82.5018
resnet18,cpu,97,82.222
resnet18,cpu,98,84.0986
resnet18,cpu,99,77.8768
resnet18,cpu,100,80.887
resnet50,cpu,1,187.6099
resnet50,cpu,2,183.0039
resnet50,cpu,3,194.0214
resnet50,cpu,4,201.7547
resnet50,cpu,5,212.8621
resnet50,cpu,6,204.2989
resnet50,cpu,7,351.2408
resnet50,cpu,8,208.2689
resnet50,cpu,9,201.6736
resnet50,cpu,10,288.6292
resnet50,cpu,11,189.3155
resnet50,cpu,12,189.3707
resnet50,cpu,13,186.5322
resnet50,cpu,14,188.8593
resnet50,cpu,15,195.6866
resnet50,cpu,16,186.8848
resnet50,cpu,17,186.5249
resnet50,cpu,18,183.119
resnet50,cpu,19,202.2363
resnet50,cpu,20,221.8105
resnet50,cpu,21,190.0952
resnet50,cpu,22,195.3242
resnet50,cpu,23,191.4074
resnet50,cpu,24,228.0538
resnet50,cpu,25,265.4351
resnet50,cpu,26,199.3621
resnet50,cpu,27,193.8745
resnet50,cpu,28,201.4013
resnet50,cpu,29,214.4428
resnet50,cpu,30,191.929
resnet50,cpu,31,192.8318
resnet50,cpu,32,199.5842
resnet50,cpu,33,194.1361
resnet50,cpu,34,195.1608
resnet50,cpu,35,251.5487
resnet50,cpu,36,191.4792
resnet50,cpu,37,192.6073
resnet50,cpu,38,221.876
resnet50,cpu,39,259.9392
resnet50,cpu,40,219.6321
resnet50,cpu,41,186.3921
resnet50,cpu,42,186.3253
resnet50,cpu,43,189.9836
resnet50,cpu,44,188.8166
resnet50,cpu,45,185.4118
resnet50,cpu,46,188.1511
resnet50,cpu,47,185.5004
resnet50,cpu,48,188.9987
resnet50,cpu,49,189.0329
resnet50,cpu,50,191.127
resnet50,cpu,51,190.307
resnet50,cpu,52,186.741
resnet50,cpu,53,190.4115
resnet50,cpu,54,190.4329
resnet50,cpu,55,191.2291
resnet50,cpu,56,194.4313
resnet50,cpu,57,193.1205
resnet50,cpu,58,187.5269
resnet50,cpu,59,188.4798
resnet50,cpu,60,201.2605
resnet50,cpu,61,193.071
resnet50,cpu,62,187.1997
resnet50,cpu,63,182.7122
resnet50,cpu,64,185.3792
resnet50,cpu,65,186.1207
resnet50,cpu,66,187.6522
resnet50,cpu,67,183.5227
resnet50,cpu,68,182.6824
resnet50,cpu,69,185.8137
resnet50,cpu,70,193.5107
resnet50,cpu,71,199.2434
resnet50,cpu,72,189.8965
resnet50,cpu,73,185.0778
resnet50,cpu,74,186.521
resnet50,cpu,75,186.9803
resnet50,cpu,76,189.6261
resnet50,cpu,77,186.2348
resnet50,cpu,78,185.9922
resnet50,cpu,79,184.6651
resnet50,cpu,80,194.4561
resnet50,cpu,81,200.5238
resnet50,cpu,82,184.9541
resnet50,cpu,83,186.462
resnet50,cpu,84,184.8448
resnet50,cpu,85,235.9783
resnet50,cpu,86,201.8666
resnet50,cpu,87,221.3019
resnet50,cpu,88,200.9959
resnet50,cpu,89,225.0428
resnet50,cpu,90,227.5523
resnet50,cpu,91,190.4406
resnet50,cpu,92,186.2627
resnet50,cpu,93,182.8004
resnet50,cpu,94,182.0448
resnet50,cpu,95,186.0689
resnet50,cpu,96,187.6164
resnet50,cpu,97,204.2224
resnet50,cpu,98,183.1334
resnet50,cpu,99,184.0753
resnet50,cpu,100,185.2718
vgg16,cpu,1,479.5282
vgg16,cpu,2,447.5566
vgg16,cpu,3,453.7363
vgg16,cpu,4,463.9291
vgg16,cpu,5,478.9747
vgg16,cpu,6,473.9123
vgg16,cpu,7,483.1253
vgg16,cpu,8,472.2459
vgg16,cpu,9,481.9246
vgg16,cpu,10,461.9331
vgg16,cpu,11,553.5585
vgg16,cpu,12,478.6507
vgg16,cpu,13,470.6855
vgg16,cpu,14,480.258
vgg16,cpu,15,452.2104
vgg16,cpu,16,479.8272
vgg16,cpu,17,464.1446
vgg16,cpu,18,478.3869
vgg16,cpu,19,459.4471
vgg16,cpu,20,460.5539
vgg16,cpu,21,460.093
vgg16,cpu,22,479.0102
vgg16,cpu,23,455.6803
vgg16,cpu,24,465.0746
vgg16,cpu,25,452.4352
vgg16,cpu,26,456.5658
vgg16,cpu,27,478.5908
vgg16,cpu,28,504.5082
vgg16,cpu,29,458.3261
vgg16,cpu,30,455.4256
vgg16,cpu,31,463.8149
vgg16,cpu,32,467.2825
vgg16,cpu,33,483.9147
vgg16,cpu,34,462.1811
vgg16,cpu,35,469.1226
vgg16,cpu,36,463.84
vgg16,cpu,37,468.7285
vgg16,cpu,38,474.0306
vgg16,cpu,39,468.812
vgg16,cpu,40,464.2785
vgg16,cpu,41,554.7566
vgg16,cpu,42,484.3916
vgg16,cpu,43,473.7514
vgg16,cpu,44,463.3798
vgg16,cpu,45,472.9172
vgg16,cpu,46,456.7943
vgg16,cpu,47,459.1893
vgg16,cpu,48,458.8497
vgg16,cpu,49,455.5695
vgg16,cpu,50,458.4635
vgg16,cpu,51,454.8152
vgg16,cpu,52,459.5431
vgg16,cpu,53,465.9201
vgg16,cpu,54,496.1692
vgg16,cpu,55,463.7725
vgg16,cpu,56,510.9446
vgg16,cpu,57,464.84
vgg16,cpu,58,466.4799
vgg16,cpu,59,582.6213
vgg16,cpu,60,479.9836
vgg16,cpu,61,562.4527
vgg16,cpu,62,467.039
vgg16,cpu,63,458.0862
vgg16,cpu,64,536.3639
vgg16,cpu,65,610.7648
vgg16,cpu,66,545.8231
vgg16,cpu,67,524.1613
vgg16,cpu,68,535.983
vgg16,cpu,69,479.1979
vgg16,cpu,70,500.5316
vgg16,cpu,71,483.1786
vgg16,cpu,72,453.1255
vgg16,cpu,73,453.8769
vgg16,cpu,74,464.4699
vgg16,cpu,75,476.0731
vgg16,cpu,76,478.2947
vgg16,cpu,77,486.2623
vgg16,cpu,78,466.7252
vgg16,cpu,79,559.288
vgg16,cpu,80,480.9252
vgg16,cpu,81,483.6241
vgg16,cpu,82,469.6095
vgg16,cpu,83,473.9631
vgg16,cpu,84,468.9684
vgg16,cpu,85,463.1446
vgg16,cpu,86,470.9011
vgg16,cpu,87,456.5757
vgg16,cpu,88,468.5397
vgg16,cpu,89,520.66
vgg16,cpu,90,492.0494
vgg16,cpu,91,466.4333
vgg16,cpu,92,459.505
vgg16,cpu,93,473.9975
vgg16,cpu,94,449.1141
vgg16,cpu,95,513.8825
vgg16,cpu,96,486.9704
vgg16,cpu,97,512.2237
vgg16,cpu,98,481.2106
vgg16,cpu,99,489.8971
vgg16,cpu,100,473.7875
inception_v3,cpu,1,155.5337
inception_v3,cpu,2,151.2211
inception_v3,cpu,3,136.2606
inception_v3,cpu,4,149.5315
inception_v3,cpu,5,139.1092
inception_v3,cpu,6,128.5524
inception_v3,cpu,7,131.5363
inception_v3,cpu,8,136.6536
inception_v3,cpu,9,162.7326
inception_v3,cpu,10,143.1731
inception_v3,cpu,11,135.1119
inception_v3,cpu,12,134.2022
inception_v3,cpu,13,135.6252
inception_v3,cpu,14,129.9647
inception_v3,cpu,15,131.9736
inception_v3,cpu,16,132.9965
inception_v3,cpu,17,132.8563
inception_v3,cpu,18,130.648
inception_v3,cpu,19,131.6506
inception_v3,cpu,20,131.2696
inception_v3,cpu,21,130.2451
inception_v3,cpu,22,133.3008
inception_v3,cpu,23,131.2587
inception_v3,cpu,24,144.1771
inception_v3,cpu,25,144.5094
inception_v3,cpu,26,139.9636
inception_v3,cpu,27,135.7767
inception_v3,cpu,28,133.5543
inception_v3,cpu,29,130.3004
inception_v3,cpu,30,129.6509
inception_v3,cpu,31,130.5067
inception_v3,cpu,32,132.4393
inception_v3,cpu,33,133.5711
inception_v3,cpu,34,148.8985
inception_v3,cpu,35,154.6202
inception_v3,cpu,36,133.7058
inception_v3,cpu,37,159.838
inception_v3,cpu,38,162.5347
inception_v3,cpu,39,160.8322
inception_v3,cpu,40,136.6466
inception_v3,cpu,41,130.5787
inception_v3,cpu,42,130.2422
inception_v3,cpu,43,129.2306
inception_v3,cpu,44,132.9402
inception_v3,cpu,45,186.7904
inception_v3,cpu,46,161.6796
inception_v3,cpu,47,166.1032
inception_v3,cpu,48,140.7168
inception_v3,cpu,49,127.0551
inception_v3,cpu,50,133.3432
inception_v3,cpu,51,137.0004
inception_v3,cpu,52,129.1938
inception_v3,cpu,53,133.5939
inception_v3,cpu,54,128.3167
inception_v3,cpu,55,129.068
inception_v3,cpu,56,130.9959
inception_v3,cpu,57,128.5514
inception_v3,cpu,58,130.4195
inception_v3,cpu,59,143.9106
inception_v3,cpu,60,142.8158
inception_v3,cpu,61,128.2612
inception_v3,cpu,62,133.1871
inception_v3,cpu,63,141.8729
inception_v3,cpu,64,132.4057
inception_v3,cpu,65,137.7461
inception_v3,cpu,66,143.9153
inception_v3,cpu,67,149.9079
inception_v3,cpu,68,131.2957
inception_v3,cpu,69,128.4868
inception_v3,cpu,70,132.6434
inception_v3,cpu,71,127.6075
inception_v3,cpu,72,132.7435
inception_v3,cpu,73,131.307
inception_v3,cpu,74,128.7529
inception_v3,cpu,75,135.757
inception_v3,cpu,76,146.8458
inception_v3,cpu,77,138.4295
inception_v3,cpu,78,132.7116
inception_v3,cpu,79,134.7375
inception_v3,cpu,80,137.5769
inception_v3,cpu,81,143.5787
inception_v3,cpu,82,143.9876
inception_v3,cpu,83,130.0918
inception_v3,cpu,84,143.4874
inception_v3,cpu,85,152.7399
inception_v3,cpu,86,145.2257
inception_v3,cpu,87,142.2364
inception_v3,cpu,88,143.0239
inception_v3,cpu,89,132.4365
inception_v3,cpu,90,139.3856
inception_v3,cpu,91,162.3121
inception_v3,cpu,92,155.838
inception_v3,cpu,93,141.3639
inception_v3,cpu,94,133.5137
inception_v3,cpu,95,133.5329
inception_v3,cpu,96,135.6757
inception_v3,cpu,97,137.5513
inception_v3,cpu,98,152.235
inception_v3,cpu,99,165.1987
inception_v3,cpu,100,151.4566
mobilenet_v2,cpu,1,32.0191
mobilenet_v2,cpu,2,33.5739
mobilenet_v2,cpu,3,35.871
mobilenet_v2,cpu,4,37.9472
mobilenet_v2,cpu,5,39.9123
mobilenet_v2,cpu,6,51.6052
mobilenet_v2,cpu,7,37.567
mobilenet_v2,cpu,8,35.211
mobilenet_v2,cpu,9,35.8953
mobilenet_v2,cpu,10,37.0696
mobilenet_v2,cpu,11,42.1826
mobilenet_v2,cpu,12,46.975
mobilenet_v2,cpu,13,49.0175
mobilenet_v2,cpu,14,41.0662
mobilenet_v2,cpu,15,41.4006
mobilenet_v2,cpu,16,35.3968
mobilenet_v2,cpu,17,37.5406
mobilenet_v2,cpu,18,38.708
mobilenet_v2,cpu,19,35.0789
mobilenet_v2,cpu,20,35.0568
mobilenet_v2,cpu,21,35.7995
mobilenet_v2,cpu,22,35.7219
mobilenet_v2,cpu,23,33.5639
mobilenet_v2,cpu,24,35.3936
mobilenet_v2,cpu,25,37.7279
mobilenet_v2,cpu,26,37.0605
mobilenet_v2,cpu,27,36.7465
mobilenet_v2,cpu,28,34.6621
mobilenet_v2,cpu,29,34.1854
mobilenet_v2,cpu,30,33.4145
mobilenet_v2,cpu,31,34.6234
mobilenet_v2,cpu,32,35.7337
mobilenet_v2,cpu,33,36.5242
mobilenet_v2,cpu,34,36.1413
mobilenet_v2,cpu,35,37.146
mobilenet_v2,cpu,36,34.0195
mobilenet_v2,cpu,37,36.3224
mobilenet_v2,cpu,38,46.2152
mobilenet_v2,cpu,39,49.7294
mobilenet_v2,cpu,40,34.9817
mobilenet_v2,cpu,41,43.2637
mobilenet_v2,cpu,42,56.2003
mobilenet_v2,cpu,43,40.0738
mobilenet_v2,cpu,44,41.2573
mobilenet_v2,cpu,45,32.8209
mobilenet_v2,cpu,46,33.4015
mobilenet_v2,cpu,47,33.6117
mobilenet_v2,cpu,48,33.1825
mobilenet_v2,cpu,49,33.3592
mobilenet_v2,cpu,50,34.256
mobilenet_v2,cpu,51,35.4998
mobilenet_v2,cpu,52,35.9651
mobilenet_v2,cpu,53,36.7023
mobilenet_v2,cpu,54,36.6235
mobilenet_v2,cpu,55,43.9832
mobilenet_v2,cpu,56,41.1383
mobilenet_v2,cpu,57,33.0213
mobilenet_v2,cpu,58,35.8075
mobilenet_v2,cpu,59,34.1359
mobilenet_v2,cpu,60,35.8097
mobilenet_v2,cpu,61,46.2087
mobilenet_v2,cpu,62,40.5539
mobilenet_v2,cpu,63,49.4848
mobilenet_v2,cpu,64,55.0155
mobilenet_v2,cpu,65,49.8564
mobilenet_v2,cpu,66,45.3731
mobilenet_v2,cpu,67,48.138
mobilenet_v2,cpu,68,41.6851
mobilenet_v2,cpu,69,52.6366
mobilenet_v2,cpu,70,62.8323
mobilenet_v2,cpu,71,43.8384
mobilenet_v2,cpu,72,36.1787
mobilenet_v2,cpu,73,37.3054
mobilenet_v2,cpu,74,40.7868
mobilenet_v2,cpu,75,48.1428
mobilenet_v2,cpu,76,64.8533
mobilenet_v2,cpu,77,51.1877
mobilenet_v2,cpu,78,39.4839
mobilenet_v2,cpu,79,34.4806
mobilenet_v2,cpu,80,35.2181
mobilenet_v2,cpu,81,34.1784
mobilenet_v2,cpu,82,33.7207
mobilenet_v2,cpu,83,35.3828
mobilenet_v2,cpu,84,39.8658
mobilenet_v2,cpu,85,38.0927
mobilenet_v2,cpu,86,35.0675
mobilenet_v2,cpu,87,32.1854
mobilenet_v2,cpu,88,36.6947
mobilenet_v2,cpu,89,37.1158
mobilenet_v2,cpu,90,34.64
mobilenet_v2,cpu,91,31.1026
mobilenet_v2,cpu,92,35.0144
mobilenet_v2,cpu,93,36.1966
mobilenet_v2,cpu,94,39.538
mobilenet_v2,cpu,95,42.4266
mobilenet_v2,cpu,96,40.986
mobilenet_v2,cpu,97,34.9301
mobilenet_v2,cpu,98,30.5226
mobilenet_v2,cpu,99,30.9499
mobilenet_v2,cpu,100,30.7362
resnet18,gpu,1,25.319254
resnet18,gpu,2,24.252186
resnet18,gpu,3,29.505799
resnet18,gpu,4,28.59284
resnet18,gpu,5,25.947417
resnet18,gpu,6,29.908873
resnet18,gpu,7,30.861403
resnet18,gpu,8,31.836545
resnet18,gpu,9,34.456976
resnet18,gpu,10,28.29916
resnet18,gpu,11,24.296392
resnet18,gpu,12,24.22514
resnet18,gpu,13,24.496512
resnet18,gpu,14,22.6236
resnet18,gpu,15,22.030792
resnet18,gpu,16,23.252132
resnet18,gpu,17,22.101779
resnet18,gpu,18,23.664927
resnet18,gpu,19,22.110826
resnet18,gpu,20,21.696906
resnet18,gpu,21,24.796349
resnet18,gpu,22,23.234344
resnet18,gpu,23,27.260998
resnet18,gpu,24,25.643802
resnet18,gpu,25,25.316397
resnet18,gpu,26,25.102573
resnet18,gpu,27,24.163366
resnet18,gpu,28,26.038178
resnet18,gpu,29,23.635041
resnet18,gpu,30,26.532746
resnet18,gpu,31,24.871203
resnet18,gpu,32,27.628368
resnet18,gpu,33,24.523743
resnet18,gpu,34,22.531349
resnet18,gpu,35,24.236495
resnet18,gpu,36,23.701386
resnet18,gpu,37,23.970124
resnet18,gpu,38,22.4672
resnet18,gpu,39,23.591014
resnet18,gpu,40,24.106591
resnet18,gpu,41,24.198797
resnet18,gpu,42,24.220508
resnet18,gpu,43,23.852792
resnet18,gpu,44,22.740786
resnet18,gpu,45,21.527878
resnet18,gpu,46,22.341156
resnet18,gpu,47,22.674911
resnet18,gpu,48,25.354092
resnet18,gpu,49,23.277388
resnet18,gpu,50,23.42547
resnet18,gpu,51,26.777574
resnet18,gpu,52,31.497958
resnet18,gpu,53,24.937918
resnet18,gpu,54,25.863036
resnet18,gpu,55,25.87457
resnet18,gpu,56,25.14269
resnet18,gpu,57,23.244002
resnet18,gpu,58,23.174218
resnet18,gpu,59,23.710773
resnet18,gpu,60,24.653675
resnet18,gpu,61,36.525376
resnet18,gpu,62,24.142841
resnet18,gpu,63,22.926455
resnet18,gpu,64,22.988533
resnet18,gpu,65,24.657366
resnet18,gpu,66,25.61574
resnet18,gpu,67,23.50187
resnet18,gpu,68,24.626643
resnet18,gpu,69,24.231076
resnet18,gpu,70,23.62197
resnet18,gpu,71,25.106686
resnet18,gpu,72,27.280077
resnet18,gpu,73,23.546604
resnet18,gpu,74,24.818424
resnet18,gpu,75,20.914985
resnet18,gpu,76,23.864423
resnet18,gpu,77,23.068307
resnet18,gpu,78,22.685043
resnet18,gpu,79,23.134701
resnet18,gpu,80,20.776311
resnet18,gpu,81,22.772358
resnet18,gpu,82,24.842633
resnet18,gpu,83,24.826654
resnet18,gpu,84,23.05162
resnet18,gpu,85,23.594346
resnet18,gpu,86,22.652543
resnet18,gpu,87,23.872092
resnet18,gpu,88,23.311871
resnet18,gpu,89,23.39677
resnet18,gpu,90,25.718037
resnet18,gpu,91,25.270558
resnet18,gpu,92,24.815195
resnet18,gpu,93,22.145677
resnet18,gpu,94,22.703698
resnet18,gpu,95,22.694632
resnet18,gpu,96,23.287025
resnet18,gpu,97,24.96272
resnet18,gpu,98,25.490635
resnet18,gpu,99,23.368153
resnet18,gpu,100,24.031513
resnet50,gpu,1,54.867599
resnet50,gpu,2,54.480525
resnet50,gpu,3,57.863705
resnet50,gpu,4,59.724133
resnet50,gpu,5,63.697344
resnet50,gpu,6,61.693721
resnet50,gpu,7,107.258426
resnet50,gpu,8,62.655248
resnet50,gpu,9,60.75963
resnet50,gpu,10,86.514314
resnet50,gpu,11,54.875879
resnet50,gpu,12,56.784696
resnet50,gpu,13,56.01989
resnet50,gpu,14,59.121032
resnet50,gpu,15,58.513619
resnet50,gpu,16,56.366987
resnet50,gpu,17,55.922758
resnet50,gpu,18,53.767022
resnet50,gpu,19,61.813713
resnet50,gpu,20,67.295083
resnet50,gpu,21,57.819592
resnet50,gpu,22,57.687873
resnet50,gpu,23,58.825014
resnet50,gpu,24,67.014289
resnet50,gpu,25,80.217387
resnet50,gpu,26,61.999086
resnet50,gpu,27,57.171814
resnet50,gpu,28,59.854092
resnet50,gpu,29,64.432491
resnet50,gpu,30,57.075224
resnet50,gpu,31,56.298877
resnet50,gpu,32,59.943823
resnet50,gpu,33,57.178526
resnet50,gpu,34,59.021832
resnet50,gpu,35,74.545186
resnet50,gpu,36,58.993694
resnet50,gpu,37,56.998937
resnet50,gpu,38,66.240738
resnet50,gpu,39,78.795277
resnet50,gpu,40,64.658766
resnet50,gpu,41,56.14509
resnet50,gpu,42,57.204733
resnet50,gpu,43,55.387597
resnet50,gpu,44,56.829614
resnet50,gpu,45,55.883423
resnet50,gpu,46,57.227153
resnet50,gpu,47,54.413169
resnet50,gpu,48,55.379153
resnet50,gpu,49,57.231812
resnet50,gpu,50,57.635085
resnet50,gpu,51,57.342593
resnet50,gpu,52,56.368748
resnet50,gpu,53,56.443425
resnet50,gpu,54,57.362124
resnet50,gpu,55,57.661802
resnet50,gpu,56,57.615039
resnet50,gpu,57,59.801925
resnet50,gpu,58,56.731903
resnet50,gpu,59,55.352637
resnet50,gpu,60,61.034704
resnet50,gpu,61,56.946618
resnet50,gpu,62,56.946995
resnet50,gpu,63,55.972256
resnet50,gpu,64,54.793078
resnet50,gpu,65,56.799586
resnet50,gpu,66,56.708441
resnet50,gpu,67,55.87887
resnet50,gpu,68,56.701513
resnet50,gpu,69,55.498722
resnet50,gpu,70,57.299474
resnet50,gpu,71,58.883506
resnet50,gpu,72,56.15314
resnet50,gpu,73,55.446238
resnet50,gpu,74,56.297452
resnet50,gpu,75,56.370781
resnet50,gpu,76,57.715013
resnet50,gpu,77,55.883442
resnet50,gpu,78,57.251194
resnet50,gpu,79,55.134873
resnet50,gpu,80,61.056999
resnet50,gpu,81,60.782807
resnet50,gpu,82,54.629072
resnet50,gpu,83,54.867708
resnet50,gpu,84,55.935912
resnet50,gpu,85,70.570027
resnet50,gpu,86,61.27398
resnet50,gpu,87,66.863808
resnet50,gpu,88,60.225941
resnet50,gpu,89,66.666046
resnet50,gpu,90,66.750843
resnet50,gpu,91,56.685665
resnet50,gpu,92,56.735209
resnet50,gpu,93,55.054214
resnet50,gpu,94,53.367701
resnet50,gpu,95,55.993851
resnet50,gpu,96,56.670237
resnet50,gpu,97,60.382863
resnet50,gpu,98,55.093745
resnet50,gpu,99,55.280799
resnet50,gpu,100,54.43857
vgg16,gpu,1,144.216247
vgg16,gpu,2,134.827765
vgg16,gpu,3,137.203941
vgg16,gpu,4,140.232532
vgg16,gpu,5,142.314741
vgg16,gpu,6,141.235865
vgg16,gpu,7,145.452625
vgg16,gpu,8,142.187556
vgg16,gpu,9,145.092428
vgg16,gpu,10,142.432661
vgg16,gpu,11,166.638441
vgg16,gpu,12,144.730776
vgg16,gpu,13,142.159652
vgg16,gpu,14,144.728791
vgg16,gpu,15,135.347851
vgg16,gpu,16,144.707129
vgg16,gpu,17,138.470555
vgg16,gpu,18,143.279251
vgg16,gpu,19,137.348766
vgg16,gpu,20,138.248044
vgg16,gpu,21,140.342559
vgg16,gpu,22,141.835795
vgg16,gpu,23,137.39035
vgg16,gpu,24,137.909664
vgg16,gpu,25,135.258628
vgg16,gpu,26,138.058691
vgg16,gpu,27,143.64152
vgg16,gpu,28,150.274715
vgg16,gpu,29,136.782526
vgg16,gpu,30,137.307278
vgg16,gpu,31,138.414103
vgg16,gpu,32,140.401209
vgg16,gpu,33,145.219982
vgg16,gpu,34,138.00273
vgg16,gpu,35,142.880724
vgg16,gpu,36,139.785919
vgg16,gpu,37,138.593407
vgg16,gpu,38,142.395634
vgg16,gpu,39,139.981814
vgg16,gpu,40,140.135983
vgg16,gpu,41,165.634459
vgg16,gpu,42,145.202744
vgg16,gpu,43,142.630407
vgg16,gpu,44,139.879695
vgg16,gpu,45,140.674864
vgg16,gpu,46,136.703789
vgg16,gpu,47,137.281845
vgg16,gpu,48,137.001581
vgg16,gpu,49,138.436304
vgg16,gpu,50,137.944032
vgg16,gpu,51,135.183676
vgg16,gpu,52,138.780792
vgg16,gpu,53,141.898186
vgg16,gpu,54,149.883225
vgg16,gpu,55,137.61238
vgg16,gpu,56,152.799146
vgg16,gpu,57,140.718911
vgg16,gpu,58,139.236301
vgg16,gpu,59,175.230209
vgg16,gpu,60,144.769714
vgg16,gpu,61,167.80888
vgg16,gpu,62,140.052175
vgg16,gpu,63,134.184593
vgg16,gpu,64,159.884782
vgg16,gpu,65,182.976872
vgg16,gpu,66,162.499147
vgg16,gpu,67,158.880801
vgg16,gpu,68,159.364759
vgg16,gpu,69,143.319326
vgg16,gpu,70,150.290221
vgg16,gpu,71,146.394853
vgg16,gpu,72,134.501788
vgg16,gpu,73,137.326234
vgg16,gpu,74,139.351203
vgg16,gpu,75,141.840421
vgg16,gpu,76,143.950513
vgg16,gpu,77,146.07775
vgg16,gpu,78,139.417343
vgg16,gpu,79,167.856202
vgg16,gpu,80,143.892246
vgg16,gpu,81,145.200747
vgg16,gpu,82,141.544981
vgg16,gpu,83,143.774947
vgg16,gpu,84,139.452705
vgg16,gpu,85,141.076413
vgg16,gpu,86,139.318242
vgg16,gpu,87,136.820925
vgg16,gpu,88,141.150227
vgg16,gpu,89,156.478992
vgg16,gpu,90,146.99212
vgg16,gpu,91,139.721868
vgg16,gpu,92,137.358499
vgg16,gpu,93,141.609885
vgg16,gpu,94,135.583832
vgg16,gpu,95,154.521765
vgg16,gpu,96,145.39821
vgg16,gpu,97,154.56671
vgg16,gpu,98,144.67048
vgg16,gpu,99,147.781992
vgg16,gpu,100,142.765879
inception_v3,gpu,1,45.831115
inception_v3,gpu,2,44.806149
inception_v3,gpu,3,41.625474
inception_v3,gpu,4,45.46982
inception_v3,gpu,5,41.711858
inception_v3,gpu,6,38.683047
inception_v3,gpu,7,40.738555
inception_v3,gpu,8,40.404509
inception_v3,gpu,9,49.366877
inception_v3,gpu,10,42.749737
inception_v3,gpu,11,40.315889
inception_v3,gpu,12,41.359437
inception_v3,gpu,13,41.512976
inception_v3,gpu,14,39.80292
inception_v3,gpu,15,40.897559
inception_v3,gpu,16,39.919954
inception_v3,gpu,17,40.538843
inception_v3,gpu,18,38.884133
inception_v3,gpu,19,39.819346
inception_v3,gpu,20,39.250737
inception_v3,gpu,21,39.170526
inception_v3,gpu,22,40.585397
inception_v3,gpu,23,38.559389
inception_v3,gpu,24,45.345517
inception_v3,gpu,25,42.346803
inception_v3,gpu,26,40.774891
inception_v3,gpu,27,41.891121
inception_v3,gpu,28,40.857953
inception_v3,gpu,29,39.71424
inception_v3,gpu,30,39.523616
inception_v3,gpu,31,39.139763
inception_v3,gpu,32,38.834536
inception_v3,gpu,33,40.147135
inception_v3,gpu,34,43.992388
inception_v3,gpu,35,47.36118
inception_v3,gpu,36,39.964683
inception_v3,gpu,37,47.125903
inception_v3,gpu,38,48.439024
inception_v3,gpu,39,48.662591
inception_v3,gpu,40,40.430255
inception_v3,gpu,41,38.35139
inception_v3,gpu,42,39.316347
inception_v3,gpu,43,39.014147
inception_v3,gpu,44,39.375117
inception_v3,gpu,45,55.566082
inception_v3,gpu,46,48.73593
inception_v3,gpu,47,48.382876
inception_v3,gpu,48,40.807576
inception_v3,gpu,49,37.398086
inception_v3,gpu,50,39.789513
inception_v3,gpu,51,41.411028
inception_v3,gpu,52,40.233496
inception_v3,gpu,53,40.93583
inception_v3,gpu,54,38.335071
inception_v3,gpu,55,38.701384
inception_v3,gpu,56,38.296241
inception_v3,gpu,57,38.546907
inception_v3,gpu,58,38.837191
inception_v3,gpu,59,43.495899
inception_v3,gpu,60,42.017509
inception_v3,gpu,61,38.997707
inception_v3,gpu,62,41.488869
inception_v3,gpu,63,42.45311
inception_v3,gpu,64,40.123422
inception_v3,gpu,65,42.013974
inception_v3,gpu,66,42.77337
inception_v3,gpu,67,45.196462
inception_v3,gpu,68,39.401302
inception_v3,gpu,69,38.643716
inception_v3,gpu,70,39.02001
inception_v3,gpu,71,38.30676
inception_v3,gpu,72,40.321048
inception_v3,gpu,73,40.843244
inception_v3,gpu,74,39.585141
inception_v3,gpu,75,42.880282
inception_v3,gpu,76,43.286392
inception_v3,gpu,77,42.401171
inception_v3,gpu,78,39.996822
inception_v3,gpu,79,42.611053
inception_v3,gpu,80,40.464772
inception_v3,gpu,81,42.233888
inception_v3,gpu,82,42.596887
inception_v3,gpu,83,36.903644
inception_v3,gpu,84,42.520465
inception_v3,gpu,85,45.062837
inception_v3,gpu,86,43.718104
inception_v3,gpu,87,43.012676
inception_v3,gpu,88,44.783341
inception_v3,gpu,89,40.681374
inception_v3,gpu,90,41.238776
inception_v3,gpu,91,47.795215
inception_v3,gpu,92,47.243319
inception_v3,gpu,93,41.088937
inception_v3,gpu,94,41.885569
inception_v3,gpu,95,41.23931
inception_v3,gpu,96,40.233534
inception_v3,gpu,97,39.552255
inception_v3,gpu,98,47.024372
inception_v3,gpu,99,49.44507
inception_v3,gpu,100,46.674796
mobilenet_v2,gpu,1,8.011302
mobilenet_v2,gpu,2,9.472795
mobilenet_v2,gpu,3,10.766544
mobilenet_v2,gpu,4,11.431141
mobilenet_v2,gpu,5,11.523625
mobilenet_v2,gpu,6,16.10441
mobilenet_v2,gpu,7,10.20248
mobilenet_v2,gpu,8,10.420921
mobilenet_v2,gpu,9,10.888886
mobilenet_v2,gpu,10,11.635319
mobilenet_v2,gpu,11,13.366395
mobilenet_v2,gpu,12,12.967858
mobilenet_v2,gpu,13,13.171136
mobilenet_v2,gpu,14,13.597537
mobilenet_v2,gpu,15,12.752494
mobilenet_v2,gpu,16,9.870553
mobilenet_v2,gpu,17,12.813332
mobilenet_v2,gpu,18,11.728075
mobilenet_v2,gpu,19,11.702967
mobilenet_v2,gpu,20,10.584558
mobilenet_v2,gpu,21,12.800598
mobilenet_v2,gpu,22,12.471911
mobilenet_v2,gpu,23,9.820206
mobilenet_v2,gpu,24,11.589651
mobilenet_v2,gpu,25,11.963746
mobilenet_v2,gpu,26,12.486782
mobilenet_v2,gpu,27,10.059027
mobilenet_v2,gpu,28,11.084681
mobilenet_v2,gpu,29,11.314044
mobilenet_v2,gpu,30,8.265611
mobilenet_v2,gpu,31,9.203761
mobilenet_v2,gpu,32,8.680878
mobilenet_v2,gpu,33,10.687853
mobilenet_v2,gpu,34,11.559932
mobilenet_v2,gpu,35,12.646157
mobilenet_v2,gpu,36,10.279945
mobilenet_v2,gpu,37,12.525336
mobilenet_v2,gpu,38,12.484459
mobilenet_v2,gpu,39,13.215438
mobilenet_v2,gpu,40,10.438962
mobilenet_v2,gpu,41,13.363175
mobilenet_v2,gpu,42,16.827395
mobilenet_v2,gpu,43,9.954698
mobilenet_v2,gpu,44,12.28807
mobilenet_v2,gpu,45,8.5418
mobilenet_v2,gpu,46,10.690123
mobilenet_v2,gpu,47,10.450108
mobilenet_v2,gpu,48,9.01487
mobilenet_v2,gpu,49,9.493893
mobilenet_v2,gpu,50,9.217586
mobilenet_v2,gpu,51,10.587261
mobilenet_v2,gpu,52,11.744672
mobilenet_v2,gpu,53,10.024964
mobilenet_v2,gpu,54,11.491097
mobilenet_v2,gpu,55,12.664702
mobilenet_v2,gpu,56,11.548617
mobilenet_v2,gpu,57,9.79936
mobilenet_v2,gpu,58,9.707008
mobilenet_v2,gpu,59,9.687121
mobilenet_v2,gpu,60,9.545032
mobilenet_v2,gpu,61,15.827335
mobilenet_v2,gpu,62,12.201434
mobilenet_v2,gpu,63,14.145714
mobilenet_v2,gpu,64,16.71863
mobilenet_v2,gpu,65,14.844592
mobilenet_v2,gpu,66,13.39096
mobilenet_v2,gpu,67,15.055567
mobilenet_v2,gpu,68,13.263038
mobilenet_v2,gpu,69,15.260479
mobilenet_v2,gpu,70,18.273872
mobilenet_v2,gpu,71,12.876468
mobilenet_v2,gpu,72,8.551689
mobilenet_v2,gpu,73,9.676429
mobilenet_v2,gpu,74,13.602914
mobilenet_v2,gpu,75,16.087808
mobilenet_v2,gpu,76,19.206954
mobilenet_v2,gpu,77,15.932867
mobilenet_v2,gpu,78,12.15642
mobilenet_v2,gpu,79,13.423061
mobilenet_v2,gpu,80,11.685005
mobilenet_v2,gpu,81,10.125602
mobilenet_v2,gpu,82,9.16067
mobilenet_v2,gpu,83,9.008394
mobilenet_v2,gpu,84,12.163204
mobilenet_v2,gpu,85,10.671459
mobilenet_v2,gpu,86,9.097996
mobilenet_v2,gpu,87,9.009047
mobilenet_v2,gpu,88,9.926862
mobilenet_v2,gpu,89,12.821882
mobilenet_v2,gpu,90,11.27364
mobilenet_v2,gpu,91,9.322807
mobilenet_v2,gpu,92,11.984264
mobilenet_v2,gpu,93,10.936348
mobilenet_v2,gpu,94,11.000116
mobilenet_v2,gpu,95,14.251104
mobilenet_v2,gpu,96,12.83471
mobilenet_v2,gpu,97,9.441784
mobilenet_v2,gpu,98,8.966441
mobilenet_v2,gpu,99,8.409352
mobilenet_v2,gpu,100,7.83806
